Date,Day of Week,Season,City,Load Type,Temperature (Â°C),Humidity (%),Rainfall (mm),Cloud Cover (%),Wind Speed (m/s),Solar Radiation (W/m²),Wind Power (MW),Solar Power (MW),Hydro Power (MW),Electric Load (MW),Energy Consumption Trend
01-01-2024,Monday,Winter,Nashik,Mixed,29.95166667,59.8,2.1,38.7,5.521666667,2963.66,782.76,305.63,1199.6,2516.31,Increasing
02-01-2024,Tuesday,Winter,Aurangabad,Mixed,29.735,61.3,8.8,35.2,5.666666667,3184.3,819.55,320.65,1220,2552.61,Stable
03-01-2024,Wednesday,Winter,Pune,Residential,28.55125,82.4,4,43.4,6.04375,2903.19,854.55,280.72,1202.71,2549.79,Decreasing
04-01-2024,Thursday,Winter,Nagpur,Industrial,30.76541667,70.1,3.4,26.9,6.080416667,3670.74,877.03,370.38,1204.14,2691.63,Decreasing
05-01-2024,Friday,Winter,Nashik,Residential,29.03041667,51.4,5.3,69.9,5.771666667,3638.99,851.97,350.76,1213.25,2650.25,Increasing
06-01-2024,Saturday,Winter,Aurangabad,Residential,29.45375,61.2,8.9,50.7,5.972083333,3311.3,864.44,328.68,1215.03,2628.31,Increasing
07-01-2024,Sunday,Winter,Pune,Residential,29.45375,71.9,12.6,70.1,5.593333333,3330.12,795.53,330.56,1234.68,2582.8,Increasing
08-01-2024,Monday,Winter,Nagpur,Industrial,29.65916667,71.6,4.8,30.4,5.78125,3700.75,835.49,359.4,1218.4,2639.55,Stable
09-01-2024,Tuesday,Winter,Pune,Industrial,29.39208333,45,10.3,10.1,5.970416667,2936.29,863.52,294.33,1227.37,2621.99,Stable
10-01-2024,Wednesday,Winter,Nashik,Industrial,31.58041667,55,5.8,87.3,6.0225,2772.9,871.56,289.46,1208.35,2599.14,Increasing
11-01-2024,Thursday,Winter,Nagpur,Residential,31.76625,48.7,3.8,51,6.824166667,3069.15,990.61,296.87,1208.28,2788.4,Stable
12-01-2024,Friday,Winter,Aurangabad,Industrial,28.84916667,66.4,1.1,16.4,6.78375,3212.75,979.3,314.52,1205.87,2739.88,Increasing
13-01-2024,Saturday,Winter,Mumbai,Residential,31.00083333,50.9,5.8,18.3,5.4525,3696.71,760.21,391.33,1212.43,2653.58,Decreasing
14-01-2024,Sunday,Winter,Aurangabad,Residential,29.02541667,75.5,21.5,44.8,5.523333333,3215.44,793.06,314.29,1240.75,2597.26,Stable
15-01-2024,Monday,Winter,Mumbai,Industrial,28.18958333,73,5.3,65.6,5.806666667,2532.01,823.93,265.38,1204.62,2518.49,Stable
16-01-2024,Tuesday,Winter,Pune,Industrial,28.70041667,57.5,4.2,41.7,5.689583333,3101.93,830.19,325.4,1198.96,2595.09,Stable
17-01-2024,Wednesday,Winter,Mumbai,Residential,28.70958333,47.4,13.2,75.6,6.707916667,3339.98,965.51,322.42,1224.37,2765.02,Stable
18-01-2024,Thursday,Winter,Mumbai,Mixed,31.06083333,52.1,10.2,36.3,6.130833333,2787.03,886.56,284.45,1224.37,2639.04,Decreasing
19-01-2024,Friday,Winter,Pune,Industrial,30.035,64.5,4.7,13.6,6.0775,2903.57,895.19,283.43,1220.39,2649.78,Decreasing
20-01-2024,Saturday,Winter,Pune,Industrial,31.05666667,68.5,13.2,10.7,5.995833333,3387.16,860.34,342.54,1226.47,2669.42,Stable
21-01-2024,Sunday,Winter,Mumbai,Residential,31.23833333,59.6,14.8,78.8,6.466666667,3007.21,945.38,298.77,1223.34,2736.2,Decreasing
22-01-2024,Monday,Winter,Mumbai,Mixed,29.20083333,34.3,5.8,88.8,6.755833333,3337.58,971.17,344.14,1216.72,2737.15,Increasing
23-01-2024,Tuesday,Winter,Nashik,Mixed,30.29208333,66.8,6.1,20.6,6.854166667,3072.65,983.78,308.66,1212.77,2746.03,Decreasing
24-01-2024,Wednesday,Winter,Aurangabad,Residential,27.33041667,39.8,6,15,6.05,2961.24,873.26,298.25,1214.16,2653.36,Increasing
25-01-2024,Thursday,Winter,Nagpur,Residential,30.29208333,38.8,6,83.2,5.065416667,3226.31,733.75,325.17,1207.43,2498.64,Stable
26-01-2024,Friday,Winter,Pune,Mixed,30.29041667,70,5.7,18.1,5.181666667,2708.77,743.59,264.81,1202.64,2436.71,Increasing
27-01-2024,Saturday,Winter,Pune,Mixed,31.98958333,48.1,7.7,28.3,5.42625,3916.74,782.08,395.67,1213.66,2644.05,Increasing
28-01-2024,Sunday,Winter,Mumbai,Residential,29.93583333,62.5,7.8,74.1,5.351666667,2930.58,771.85,293.77,1205.98,2495.48,Decreasing
29-01-2024,Monday,Winter,Pune,Industrial,31.17708333,60.9,6.6,89.8,5.925416667,3420.07,860.21,344.58,1214.32,2637.26,Stable
30-01-2024,Tuesday,Winter,Aurangabad,Mixed,29.97875,51.9,9.8,48.9,5.95,2777.14,857.79,286.45,1215.62,2664.63,Decreasing
31-01-2024,Wednesday,Winter,Nashik,Mixed,30.44458333,62.1,6,26.9,6.028333333,2898.13,857.72,277.84,1222.47,2603.95,Decreasing
01-02-2024,Thursday,Winter,Nashik,Mixed,30.81166667,54.5,4.7,77.8,6.35875,3527.71,918.55,350.54,1211.18,2680.4,Stable
02-02-2024,Friday,Winter,Mumbai,Mixed,29.34791667,60.5,4.7,41.5,5.988333333,3389.95,849.44,342.79,1209.45,2644.52,Stable
03-02-2024,Saturday,Winter,Mumbai,Residential,30.73875,56.1,10,31.8,7.002916667,3116.07,1006.36,298.44,1223.31,2767.54,Decreasing
04-02-2024,Sunday,Winter,Nagpur,Industrial,31.10166667,55,6.9,49.2,5.554583333,3421.32,793.64,333.21,1215.69,2559.81,Decreasing
05-02-2024,Monday,Winter,Aurangabad,Mixed,28.31458333,53.4,9.3,78.5,5.404583333,3363.85,776.18,336.32,1213.83,2612.35,Increasing
06-02-2024,Tuesday,Winter,Pune,Industrial,30.52833333,51,5.6,28.6,5.169166667,3207.32,730.87,322,1211.58,2515.84,Increasing
07-02-2024,Wednesday,Winter,Mumbai,Residential,30.91791667,68.5,5.4,43.9,5.425833333,3328.42,793.36,321.87,1221.52,2581.71,Decreasing
08-02-2024,Thursday,Winter,Nagpur,Residential,29.55166667,55.5,5.1,45.5,6.099583333,3139.51,872.19,312.97,1215.62,2667.68,Decreasing
09-02-2024,Friday,Winter,Nashik,Residential,29.34208333,48.7,5.3,76.6,5.762916667,2606.13,823.6,277.66,1212.98,2574.92,Decreasing
10-02-2024,Saturday,Winter,Pune,Industrial,31.45041667,55.9,10.6,64.1,5.296666667,3613.02,762.93,348.92,1220.9,2576.62,Decreasing
11-02-2024,Sunday,Winter,Nashik,Mixed,28.00583333,54.7,4.8,72.4,6.670416667,2553.19,956.65,249.47,1206.41,2620.84,Decreasing
12-02-2024,Monday,Winter,Nashik,Residential,31.59291667,56.1,5.4,65.5,6.685416667,3078.84,946.91,308.41,1213.09,2704.71,Stable
13-02-2024,Tuesday,Winter,Aurangabad,Mixed,29.72166667,67.1,9.7,57.4,5.995416667,3276.25,862.8,324.46,1230.98,2693.44,Decreasing
14-02-2024,Wednesday,Winter,Mumbai,Industrial,30.99416667,53.7,3.9,20.6,5.902916667,2939.78,844.44,297.93,1201.64,2565.93,Decreasing
15-02-2024,Thursday,Winter,Mumbai,Residential,29.79916667,56.2,5.7,76.6,6.360833333,3094.63,914.2,304.68,1203.51,2714.25,Increasing
16-02-2024,Friday,Winter,Mumbai,Residential,28.81541667,66.4,6,58.6,6.244166667,3085.76,902.38,308.39,1208.96,2686.3,Stable
17-02-2024,Saturday,Winter,Nashik,Mixed,29.81166667,64.4,3.4,66.1,6.538333333,2410.08,936.55,224.3,1212.81,2591.54,Increasing
18-02-2024,Sunday,Winter,Nagpur,Residential,31.39166667,53.1,11.7,72.3,6.332916667,3833.58,918.59,389.83,1214.53,2773.1,Decreasing
19-02-2024,Monday,Winter,Aurangabad,Industrial,29.60583333,69.7,11.4,34.9,6.407083333,3126.62,925.14,314.16,1225.36,2784.86,Decreasing
20-02-2024,Tuesday,Winter,Aurangabad,Industrial,31.55708333,69.1,16.6,45,5.90375,2556.33,830.84,255.22,1235.52,2535.13,Decreasing
21-02-2024,Wednesday,Winter,Nashik,Residential,30.78333333,68.4,10.9,53.3,6.27125,3352.14,914.19,355.26,1224.16,2758.13,Decreasing
22-02-2024,Thursday,Winter,Mumbai,Residential,31.43291667,63,11.7,37.4,5.58125,2899.46,802.59,280.78,1218.43,2569.57,Decreasing
23-02-2024,Friday,Winter,Nagpur,Mixed,29.43166667,58.3,6.6,30.7,5.11625,2585.44,742.58,250.41,1209.87,2428.08,Stable
24-02-2024,Saturday,Winter,Mumbai,Industrial,30.575,49.3,12.4,72.1,6.087083333,3295.67,880.03,326.19,1229.74,2675.33,Stable
25-02-2024,Sunday,Winter,Aurangabad,Mixed,29.01666667,46.2,7.9,70.3,6.121666667,2922.11,868.3,291.85,1215.65,2603.72,Stable
26-02-2024,Monday,Winter,Nagpur,Industrial,28.62666667,59.2,15.3,76.5,6.646666667,3229.97,947.73,338.12,1227.65,2708.44,Stable
27-02-2024,Tuesday,Winter,Pune,Industrial,30.14458333,60.1,17.7,65.7,5.78375,3182.48,827.2,315.11,1239.18,2641.14,Stable
28-02-2024,Wednesday,Winter,Pune,Industrial,28.60458333,57.4,11.6,34.9,5.774583333,2289.52,815.1,225.3,1222.42,2482.95,Increasing
29-02-2024,Thursday,Winter,Nashik,Industrial,31.5125,58.9,7.2,36.2,5.719166667,3665.46,829.89,365.78,1206.64,2604.82,Increasing
01-03-2024,Friday,Summer,Pune,Industrial,29.94541667,73.6,6.7,52.2,6.65,3225.78,944.58,325.67,1215.68,2698.85,Stable
02-03-2024,Saturday,Summer,Aurangabad,Residential,29.02583333,76.3,8.8,76.8,6.581666667,3163.04,940.77,303.79,1215.16,2669.88,Decreasing
03-03-2024,Sunday,Summer,Aurangabad,Industrial,28.77666667,48.9,7.1,37.7,5.836666667,2990.58,836.19,292.48,1218.7,2564.66,Decreasing
04-03-2024,Monday,Summer,Pune,Residential,30.23291667,62.9,6.2,71.3,5.487916667,3626.37,777.76,362.73,1212.26,2623.53,Decreasing
05-03-2024,Tuesday,Summer,Nashik,Residential,28.62208333,60.5,9.2,34.5,6.382083333,3334.16,900.9,325.23,1210.84,2650.34,Stable
06-03-2024,Wednesday,Summer,Nashik,Mixed,32.8675,66.7,6.4,37.1,5.642916667,3569.08,827.04,357.62,1211.07,2600.42,Stable
07-03-2024,Thursday,Summer,Nagpur,Residential,28.6425,77.3,7.2,70.2,5.49125,3435.8,780.4,333.5,1220.13,2559.93,Decreasing
08-03-2024,Friday,Summer,Pune,Mixed,30.16875,81.9,4.4,64.3,6.135,2914.96,884.08,285.14,1212.92,2589.79,Increasing
09-03-2024,Saturday,Summer,Pune,Industrial,29.82541667,67.2,8.8,26.7,6.299166667,3080.51,897.66,307.3,1218.4,2670.82,Increasing
10-03-2024,Sunday,Summer,Aurangabad,Residential,29.62666667,60.4,8.2,76.2,6.510833333,3233.24,928.87,292.4,1210.02,2635.62,Increasing
11-03-2024,Monday,Summer,Pune,Residential,29.7725,56.4,4.8,72.8,6.036666667,3014.48,865.6,320.66,1212.44,2614.89,Increasing
12-03-2024,Tuesday,Summer,Mumbai,Mixed,28.26958333,84.9,5.7,73.8,5.3625,3339.67,772.56,332.77,1214.83,2552.78,Decreasing
13-03-2024,Wednesday,Summer,Nashik,Mixed,30.05083333,52.3,12,47.6,5.640416667,2517.43,803.94,252.98,1224.64,2554.6,Increasing
14-03-2024,Thursday,Summer,Nashik,Mixed,29.84375,68.2,14.3,36.3,6.225416667,3922.04,889.86,377.55,1224.91,2716.73,Stable
15-03-2024,Friday,Summer,Nagpur,Residential,30.23541667,57.4,8.9,78,5.57625,3106.7,801.65,294.27,1211.06,2567.79,Stable
16-03-2024,Saturday,Summer,Pune,Industrial,29.83458333,46.6,4.9,57.1,5.712083333,2407.03,830.37,238.09,1201.18,2451.93,Stable
17-03-2024,Sunday,Summer,Nashik,Mixed,30.86,77.2,7.4,84.5,6.211666667,3368.21,913.85,319.73,1213.27,2679.32,Increasing
18-03-2024,Monday,Summer,Pune,Mixed,29.14583333,42.6,9.2,30.3,6.825416667,3250.79,973.05,324.97,1216.7,2716.68,Stable
19-03-2024,Tuesday,Summer,Aurangabad,Industrial,29.05375,38.5,6.4,88.1,6.309583333,3390.97,915.35,324.93,1212.54,2778.8,Stable
20-03-2024,Wednesday,Summer,Nashik,Industrial,28.04,67,8.1,40.3,6.015833333,3456.3,875.61,341.67,1212.26,2675.4,Stable
21-03-2024,Thursday,Summer,Pune,Industrial,30.02875,57,6.1,40.8,5.89375,3284.54,847,310.01,1219.51,2638.7,Stable
22-03-2024,Friday,Summer,Pune,Industrial,30.37708333,64.3,5.6,29.1,6.05875,3016.93,882.45,304.85,1208.98,2633.66,Decreasing
23-03-2024,Saturday,Summer,Nagpur,Industrial,30.06541667,59.9,12.6,87.2,5.7025,3617.56,827.98,351.89,1215.09,2623.61,Increasing
24-03-2024,Sunday,Summer,Nashik,Mixed,30.1075,66,2.1,13.2,5.36,3926.92,767.38,392.69,1201.71,2591.14,Increasing
25-03-2024,Monday,Summer,Mumbai,Mixed,29.24916667,57,14.1,47.9,5.881666667,3398.07,852.16,351.74,1232.91,2614.11,Increasing
26-03-2024,Tuesday,Summer,Nashik,Industrial,28.87291667,69,4,39.2,6.1725,2609.11,876.78,265.64,1208.25,2574.67,Decreasing
27-03-2024,Wednesday,Summer,Aurangabad,Residential,31.05916667,69.3,5.8,22.7,5.870833333,3244.3,844.67,313.51,1202.22,2598.54,Increasing
28-03-2024,Thursday,Summer,Pune,Residential,31.495,75.5,10.5,67.1,6.645416667,2616.32,963.94,266.91,1230.12,2735.67,Decreasing
29-03-2024,Friday,Summer,Nashik,Industrial,30.12541667,72.6,5.9,81.9,6.410833333,3272.46,921.46,346.22,1217.9,2733.61,Stable
30-03-2024,Saturday,Summer,Pune,Mixed,27.93666667,58.9,10.1,29.5,5.916666667,3213.78,849.79,316.07,1208.79,2603.34,Decreasing
31-03-2024,Sunday,Summer,Nagpur,Mixed,31.19833333,67,8.1,49.8,5.8375,3466.8,825.63,343.79,1217.66,2626.35,Increasing
01-04-2024,Monday,Summer,Nagpur,Industrial,29.28458333,64.2,9,56.3,6.747083333,2468.03,968.6,238.03,1212.69,2630.11,Decreasing
02-04-2024,Tuesday,Summer,Nashik,Residential,29.4625,64.2,6.4,41.2,5.741666667,2776.69,835.31,273.13,1211.96,2569.94,Decreasing
03-04-2024,Wednesday,Summer,Nagpur,Residential,28.61625,46.8,6.1,83.7,6.585833333,3176.86,945.26,310.13,1205.57,2694.3,Stable
04-04-2024,Thursday,Summer,Pune,Industrial,30.065,67.5,9.8,46.9,6.276666667,3097.76,896.67,307.13,1219.12,2658.24,Decreasing
05-04-2024,Friday,Summer,Aurangabad,Mixed,29.64458333,66.1,5.4,88.6,4.68125,2924.6,681.62,290.9,1202.43,2470.5,Decreasing
06-04-2024,Saturday,Summer,Nashik,Industrial,30.69583333,78.2,12,33.6,6.278333333,3742.7,906.18,370.33,1213.34,2738.91,Decreasing
07-04-2024,Sunday,Summer,Aurangabad,Mixed,28.9275,71.7,13.9,15.9,5.407083333,3156.88,794.02,327.13,1218.65,2546.5,Decreasing
08-04-2024,Monday,Summer,Nagpur,Residential,29.6025,61.5,9.1,56,5.710833333,3594.73,809.54,370.86,1209.28,2599.81,Increasing
09-04-2024,Tuesday,Summer,Nagpur,Industrial,31.21083333,59,2.3,75.9,6.149583333,2708.86,889.37,285.73,1198.85,2606.75,Stable
10-04-2024,Wednesday,Summer,Pune,Residential,30.66541667,50,8.8,41.1,5.163333333,3178.3,763.22,311.38,1214.3,2531.5,Decreasing
11-04-2024,Thursday,Summer,Nashik,Industrial,31.03125,78.2,7.7,24.8,6.274583333,2928.79,883.52,300.14,1226.2,2675.12,Stable
12-04-2024,Friday,Summer,Nashik,Industrial,30.11291667,49.3,2.9,69.1,5.917916667,2908.5,840.5,296.1,1199.3,2576.96,Stable
13-04-2024,Saturday,Summer,Mumbai,Mixed,29.86041667,41.3,5.1,31.7,6.50625,3245.64,928.51,306.82,1212.17,2673.36,Increasing
14-04-2024,Sunday,Summer,Pune,Industrial,32.0825,69,9.5,71.6,6.885833333,3260.29,997.73,340.21,1206.54,2774.59,Decreasing
15-04-2024,Monday,Summer,Nashik,Residential,30.4,60.9,3.1,31,6.473333333,3221.03,935.6,323.78,1215.34,2695.54,Decreasing
16-04-2024,Tuesday,Summer,Aurangabad,Residential,29.88708333,62.6,12.3,54.6,5.004583333,3751.05,724.63,375.75,1221.79,2561.27,Increasing
17-04-2024,Wednesday,Summer,Nagpur,Industrial,28.8775,61.9,16.3,81,6.601666667,3403.57,959.69,340.31,1236.51,2818.88,Increasing
18-04-2024,Thursday,Summer,Aurangabad,Residential,30.54791667,49.4,15.2,26.4,4.925833333,3513.19,711.73,370.41,1237.06,2528.17,Increasing
19-04-2024,Friday,Summer,Nagpur,Mixed,31.22166667,63.7,7.4,75.7,6.692083333,3079.13,955.49,303.84,1212.18,2691.34,Stable
20-04-2024,Saturday,Summer,Pune,Industrial,29.1375,56.8,8.1,31.2,5.851666667,3390.43,837.27,340.01,1222.22,2632.77,Decreasing
21-04-2024,Sunday,Summer,Nashik,Mixed,28.96916667,55.4,8.4,62.9,5.105833333,3319.3,724.13,340.52,1215.06,2584.73,Decreasing
22-04-2024,Monday,Summer,Nagpur,Residential,30.17083333,74.2,5.7,29.5,5.90625,2982.18,836.56,306.93,1218.08,2612.82,Decreasing
23-04-2024,Tuesday,Summer,Pune,Industrial,29.75458333,67.9,13.4,19.2,6.04,3320.02,885.82,339.88,1239.18,2691.21,Increasing
24-04-2024,Wednesday,Summer,Aurangabad,Mixed,30.355,37,12.9,63.1,6.028333333,3154.23,856.56,322.96,1219.65,2630.78,Stable
25-04-2024,Thursday,Summer,Nagpur,Industrial,29.40916667,62.2,3,57.6,5.469166667,2993.26,793.05,312.46,1207.23,2546.87,Stable
26-04-2024,Friday,Summer,Nashik,Industrial,30.21875,70.7,9.1,42.1,7.214166667,2785.52,1041.6,272.59,1219.96,2756.97,Increasing
27-04-2024,Saturday,Summer,Aurangabad,Residential,31.545,47.5,5.5,12.9,5.577083333,3187.79,822.21,319.81,1209.53,2591.76,Decreasing
28-04-2024,Sunday,Summer,Pune,Mixed,30.09625,51.4,15.1,48,6.140833333,2938.59,882.08,283.35,1231.54,2647.07,Decreasing
29-04-2024,Monday,Summer,Aurangabad,Residential,29.16208333,70,6.2,21.9,5.98875,3190.8,864.91,317.13,1211.51,2595.79,Stable
30-04-2024,Tuesday,Summer,Nagpur,Industrial,30.00958333,55.5,7.3,38.8,5.704166667,3334.48,821.24,322.49,1214.1,2617.77,Stable
01-05-2024,Wednesday,Summer,Mumbai,Residential,29.03333333,40.2,4,56.9,6.204166667,3329.82,879.6,325.83,1210.14,2619.33,Decreasing
02-05-2024,Thursday,Summer,Mumbai,Industrial,31.18666667,72,6.8,85.1,6.2825,3184.53,908.52,316.05,1209.21,2669.99,Increasing
03-05-2024,Friday,Summer,Nashik,Industrial,30.09541667,58.3,5.3,50.9,6.693333333,2701.57,973.42,284.11,1218.85,2725.66,Increasing
04-05-2024,Saturday,Summer,Pune,Industrial,30.20708333,63.7,8.3,25.6,6.3075,3577.68,906.17,371.38,1222.1,2749.79,Stable
05-05-2024,Sunday,Summer,Nashik,Mixed,29.43166667,59.5,2.5,85.7,5.855833333,3065.36,858.39,306.32,1195.69,2598.66,Increasing
06-05-2024,Monday,Summer,Nagpur,Mixed,30.44583333,71.2,20.1,12.1,5.740416667,3506.56,831.97,353.87,1229.54,2643.49,Increasing
07-05-2024,Tuesday,Summer,Pune,Industrial,31.00583333,49,5.4,61.4,5.663333333,2963.62,815.33,295.3,1204.82,2559.75,Decreasing
08-05-2024,Wednesday,Summer,Mumbai,Industrial,30.33791667,66.6,5.6,31,6.252083333,3040.94,891.71,316.06,1200.55,2653.69,Decreasing
09-05-2024,Thursday,Summer,Aurangabad,Residential,29.35916667,73.2,6.9,70.6,5.44,3372.34,787.26,332.44,1216.1,2547.95,Increasing
10-05-2024,Friday,Summer,Aurangabad,Residential,30.60166667,46.5,8.6,36.5,6.442916667,2847.42,932.24,279.66,1221.15,2667.4,Stable
11-05-2024,Saturday,Summer,Nagpur,Residential,30.28333333,52.6,2.1,44.3,5.836666667,3355.89,846.64,345.59,1203.26,2683.33,Decreasing
12-05-2024,Sunday,Summer,Nagpur,Industrial,30.73541667,76.4,6.6,71.6,5.75625,3322.42,824.06,339.39,1219.18,2610.51,Decreasing
13-05-2024,Monday,Summer,Pune,Residential,29.95333333,70.8,12.7,81.8,6.2625,2904.47,912.13,292.17,1227.15,2625.35,Decreasing
14-05-2024,Tuesday,Summer,Mumbai,Residential,29.22541667,51.8,7.9,24.6,4.928333333,3511.5,720.24,347.83,1229.07,2525.89,Stable
15-05-2024,Wednesday,Summer,Aurangabad,Mixed,30.47083333,47.9,14.3,33.7,5.518333333,3188.48,787.18,309.53,1227.54,2576.63,Decreasing
16-05-2024,Thursday,Summer,Pune,Mixed,29.40291667,62.8,5.7,10.3,6.318333333,3836.49,925.15,377.38,1215.8,2720.69,Decreasing
17-05-2024,Friday,Summer,Pune,Mixed,30.21875,63.3,10.8,78.5,5.817083333,3373.47,845.17,337.51,1209.15,2608.93,Increasing
18-05-2024,Saturday,Summer,Pune,Mixed,30.86958333,59.4,5.4,85.8,6.22,3078.19,887.7,306.24,1218.45,2646.53,Stable
19-05-2024,Sunday,Summer,Nashik,Industrial,32.09208333,83.3,10.5,32.4,6.09125,3122.72,899.16,319.82,1219.02,2702.08,Increasing
20-05-2024,Monday,Summer,Pune,Industrial,30.98916667,66.5,4.1,40.8,5.747916667,3311.68,812.77,320.92,1199.09,2595.24,Increasing
21-05-2024,Tuesday,Summer,Pune,Residential,29.15958333,51.6,9.7,44.3,6.71375,3505.47,959.79,336.96,1216.81,2760.4,Increasing
22-05-2024,Wednesday,Summer,Pune,Mixed,31.22166667,70.6,1.8,42.8,5.87625,3497.4,850.23,343.47,1192.37,2681.47,Increasing
23-05-2024,Thursday,Summer,Pune,Industrial,29.10708333,60.6,3.1,41.4,6.714166667,3205.84,958.41,327.81,1208.14,2710.52,Increasing
24-05-2024,Friday,Summer,Nashik,Mixed,29.69958333,53.2,8.5,48.1,6.451666667,2756.89,931.28,277.94,1213.1,2665.62,Increasing
25-05-2024,Saturday,Summer,Nagpur,Residential,30.41916667,69,11.5,22.3,6.029166667,3150.42,869.36,310.5,1216.29,2654.71,Decreasing
26-05-2024,Sunday,Summer,Nashik,Industrial,29.21291667,74.8,5.1,14.6,5.906666667,3251.46,846.58,337.13,1216.47,2627.68,Stable
27-05-2024,Monday,Summer,Pune,Mixed,30.41083333,62.2,7.9,67.9,5.241666667,3026.23,780.1,317.99,1211.2,2546.59,Increasing
28-05-2024,Tuesday,Summer,Nagpur,Residential,30.23666667,50.2,12.9,77.7,6.256666667,3150.12,907.04,326.26,1231.52,2675.65,Stable
29-05-2024,Wednesday,Summer,Nashik,Mixed,28.96083333,61.1,17.9,74.8,5.986666667,2658.34,843.17,261.96,1230.68,2604.13,Stable
30-05-2024,Thursday,Summer,Mumbai,Residential,28.86208333,50.4,5.8,60.1,5.762083333,2694.85,833.92,271.91,1200.47,2602.15,Decreasing
31-05-2024,Friday,Summer,Mumbai,Mixed,28.73791667,62.3,4.3,87.5,5.490833333,3184.5,791.57,330.31,1212.72,2549.07,Stable
01-06-2024,Saturday,Monsoon,Pune,Mixed,30.43166667,67.5,8.4,10.1,5.407083333,2995.2,771.61,300.61,1220.14,2478.79,Stable
02-06-2024,Sunday,Monsoon,Pune,Residential,28.25,40.2,8.8,35.6,5.580416667,3123.16,804.18,309.09,1218.92,2535.93,Stable
03-06-2024,Monday,Monsoon,Aurangabad,Mixed,27.6175,67.2,6.1,34.8,6.61875,2906.89,950.96,316.42,1214.9,2730.56,Stable
04-06-2024,Tuesday,Monsoon,Mumbai,Residential,28.99,56.3,13.3,38,6.19125,3520.8,885.09,367.64,1235.07,2735.55,Decreasing
05-06-2024,Wednesday,Monsoon,Nagpur,Residential,29.67458333,54.4,3.9,74,5.7125,2942.48,821.14,304.07,1204.86,2605.82,Decreasing
06-06-2024,Thursday,Monsoon,Nagpur,Mixed,29.31333333,46.7,3.9,38.1,6.077083333,3246.73,891.72,315.19,1208.73,2646.26,Increasing
07-06-2024,Friday,Monsoon,Aurangabad,Residential,27.98041667,49.3,9.7,52.2,5.79,3415.63,841.95,347.63,1218.9,2633.43,Stable
08-06-2024,Saturday,Monsoon,Mumbai,Industrial,28.2875,77.6,7,59.1,6.155,3304.52,906.67,349.41,1223.3,2669.05,Stable
09-06-2024,Sunday,Monsoon,Nashik,Residential,30.6775,68.5,22.9,77.6,5.8675,3342.13,832.51,340.59,1243.74,2639.08,Decreasing
10-06-2024,Monday,Monsoon,Nashik,Residential,29.69958333,72.9,2.9,59.3,5.973333333,2684.45,869.24,273.39,1206.29,2573.3,Decreasing
11-06-2024,Tuesday,Monsoon,Nagpur,Mixed,29.62708333,51.4,13.9,40.5,6.22625,3145.94,894.11,312.38,1222.51,2677.72,Decreasing
12-06-2024,Wednesday,Monsoon,Nashik,Industrial,27.90916667,78,11.4,65.6,6.4,3150.71,911.71,323.74,1231.02,2743.26,Stable
13-06-2024,Thursday,Monsoon,Pune,Residential,31.12625,59.3,4,51.2,5.193333333,2710.36,748.76,275.64,1210.06,2458.72,Decreasing
14-06-2024,Friday,Monsoon,Pune,Mixed,31.17916667,52.1,15.8,52.3,5.625833333,3287.29,815.57,327.6,1233.15,2605.1,Stable
15-06-2024,Saturday,Monsoon,Aurangabad,Mixed,30.70958333,49.2,11.7,36.8,5.478333333,3440.65,789.82,348.6,1222.4,2581.64,Decreasing
16-06-2024,Sunday,Monsoon,Nashik,Residential,32.19541667,49.5,12.2,10.1,5.835416667,3112.78,836.51,299.13,1219.16,2616.23,Stable
17-06-2024,Monday,Monsoon,Aurangabad,Industrial,29.89625,52.5,10.4,38.5,6.685,3879.29,962.72,384.95,1218.23,2830.52,Increasing
18-06-2024,Tuesday,Monsoon,Mumbai,Industrial,29.23208333,51.1,9.5,34.2,6.337083333,3269.6,903.29,348.69,1221.62,2740.69,Decreasing
19-06-2024,Wednesday,Monsoon,Nashik,Mixed,28.33541667,69,13.1,18,5.2175,3425.92,745.54,339.36,1235.74,2606.75,Increasing
20-06-2024,Thursday,Monsoon,Nagpur,Residential,27.28375,86,4.7,25.9,6.434166667,2878.81,938.91,267.6,1214.63,2659.42,Decreasing
21-06-2024,Friday,Monsoon,Nagpur,Residential,30.945,57.5,11.3,88.5,5.3575,3670.61,774.93,355,1223.64,2599.32,Decreasing
22-06-2024,Saturday,Monsoon,Mumbai,Industrial,30.09708333,57.7,4.7,32.4,5.84375,2937.47,841.47,300.31,1207.37,2595.36,Stable
23-06-2024,Sunday,Monsoon,Pune,Industrial,29.12916667,41.4,3.6,51.5,6.000416667,2952.55,851.09,292.27,1207.18,2581.69,Increasing
24-06-2024,Monday,Monsoon,Pune,Industrial,30.37416667,50.7,5.6,53.9,5.675416667,2951.27,797.4,286.82,1209.43,2542.06,Stable
25-06-2024,Tuesday,Monsoon,Pune,Residential,31.02458333,43.8,11.1,54.8,5.9,3085.32,836.67,309.08,1233.72,2639.28,Stable
26-06-2024,Wednesday,Monsoon,Nashik,Residential,28.68708333,68.1,5.4,13.8,6.278333333,2539.78,905.62,245.31,1206.21,2603.41,Stable
27-06-2024,Thursday,Monsoon,Aurangabad,Mixed,31.57666667,79.3,8.3,71.7,5.587083333,2836.81,812.47,305.29,1222.07,2578.75,Stable
28-06-2024,Friday,Monsoon,Mumbai,Industrial,31.2625,49.2,9.6,68.4,6.120833333,2770.61,874.43,285.79,1215.88,2593.35,Decreasing
29-06-2024,Saturday,Monsoon,Nashik,Mixed,30.29416667,58,8.6,88.2,6.17,3152.27,875.91,340.25,1211.79,2591.49,Stable
30-06-2024,Sunday,Monsoon,Nagpur,Mixed,30.27041667,57.5,9.6,24.8,6.207083333,3112.43,898.28,318.76,1213.3,2705.66,Decreasing
01-07-2024,Monday,Monsoon,Aurangabad,Industrial,28.93583333,66.8,18.1,54.3,4.94625,3095.04,710.72,316.01,1243.17,2494.66,Decreasing
02-07-2024,Tuesday,Monsoon,Aurangabad,Residential,30.16958333,61.1,11.3,74.3,5.464166667,3114.98,781.23,313.06,1226.25,2570,Stable
03-07-2024,Wednesday,Monsoon,Nashik,Residential,30.86458333,81.1,16.3,19.9,5.565,2915.06,809.99,285.55,1236.83,2571.13,Decreasing
04-07-2024,Thursday,Monsoon,Nagpur,Residential,28.98958333,52.5,15.2,73.2,6.39125,3028.88,910.56,308.38,1230.08,2700.65,Increasing
05-07-2024,Friday,Monsoon,Aurangabad,Residential,29.76791667,69,18.7,31.6,5.946666667,3312.34,858.68,339.29,1245.35,2699.54,Increasing
06-07-2024,Saturday,Monsoon,Nashik,Industrial,29.15083333,54,21.7,32.5,5.810833333,3101.88,832.79,315.97,1235.51,2587.21,Increasing
07-07-2024,Sunday,Monsoon,Nagpur,Industrial,29.01625,44,11.5,85.6,6.019166667,3374.22,882.89,327.44,1228.86,2668.04,Increasing
08-07-2024,Monday,Monsoon,Nashik,Industrial,29.91,74.3,6.7,35.1,6.008333333,2410.27,866.09,253.71,1208.82,2582.42,Decreasing
09-07-2024,Tuesday,Monsoon,Nagpur,Residential,29.035,78.7,11.4,56.7,6.27125,3614.41,914.74,357.28,1224.39,2732.66,Decreasing
10-07-2024,Wednesday,Monsoon,Mumbai,Industrial,30.74083333,64.1,4.1,45.2,6.28125,3128.59,894.57,307.16,1212.92,2671.64,Increasing
11-07-2024,Thursday,Monsoon,Pune,Mixed,30.65208333,53.7,3.9,16.3,6.082083333,3224.43,853.65,312.25,1206.89,2598.42,Increasing
12-07-2024,Friday,Monsoon,Nashik,Mixed,30.1575,48.6,5.1,86,6.54125,2821.47,942.95,268.23,1213,2674.81,Increasing
13-07-2024,Saturday,Monsoon,Nashik,Residential,29.4525,65.6,14.7,27.1,6.7475,2690.43,944.78,277.64,1239.76,2675.57,Increasing
14-07-2024,Sunday,Monsoon,Nashik,Industrial,30.335,38.7,12.2,31.4,5.741666667,3262.97,831.67,338.18,1218.7,2660.35,Decreasing
15-07-2024,Monday,Monsoon,Nashik,Mixed,29.34333333,68.7,5.8,40.2,5.985416667,2660.53,851.87,262.16,1212.63,2598.22,Increasing
16-07-2024,Tuesday,Monsoon,Mumbai,Residential,30.26125,55.8,10.3,49.9,5.169166667,3277.81,728.48,334.72,1227.28,2525.02,Increasing
17-07-2024,Wednesday,Monsoon,Pune,Residential,30.32833333,55.6,6.4,21.5,6.597083333,3330.3,952.94,341.52,1208.86,2753.79,Stable
18-07-2024,Thursday,Monsoon,Pune,Mixed,30.38541667,49.3,12,60.4,5.0075,3177.95,718.56,324.07,1218.95,2523.66,Stable
19-07-2024,Friday,Monsoon,Aurangabad,Residential,30.34666667,45.6,3.8,51.2,6.070833333,3664.04,866.62,358.93,1200.69,2665.56,Decreasing
20-07-2024,Saturday,Monsoon,Mumbai,Mixed,29.64541667,59.4,8.1,34.2,5.473333333,2961.21,760.91,295.82,1215.25,2522.26,Increasing
21-07-2024,Sunday,Monsoon,Pune,Industrial,30.93208333,62,6.7,65.4,6.093333333,3137.88,884.61,313.22,1219.47,2672.4,Increasing
22-07-2024,Monday,Monsoon,Pune,Residential,32.08958333,59.1,3.7,51.1,5.312916667,3212.48,759.51,313.99,1195.99,2523.03,Stable
23-07-2024,Tuesday,Monsoon,Nagpur,Mixed,31.38791667,70.9,2.4,77.3,5.655,2673.49,809.31,264.32,1208.94,2506.79,Increasing
24-07-2024,Wednesday,Monsoon,Nagpur,Industrial,30.67791667,60.6,12.2,78.4,6.627916667,3187.38,954.95,314.07,1224.2,2715.76,Increasing
25-07-2024,Thursday,Monsoon,Mumbai,Mixed,31.15291667,67.2,11.3,88.4,6.52375,3053.35,941.97,315.75,1219.27,2710.69,Increasing
26-07-2024,Friday,Monsoon,Mumbai,Residential,28.3075,45.3,4.8,15.4,6.287916667,2949.94,906.67,289.05,1201.72,2658.31,Stable
27-07-2024,Saturday,Monsoon,Pune,Mixed,28.01625,55.6,11.1,42.4,5.840833333,3507.34,841.58,355.23,1236.38,2634.12,Stable
28-07-2024,Sunday,Monsoon,Nagpur,Industrial,30.24791667,74.8,10.2,50.1,6.318333333,2826.13,901.13,286.03,1221.09,2639.83,Increasing
29-07-2024,Monday,Monsoon,Nagpur,Mixed,30.00666667,69.7,10.2,28.7,5.995,3749.95,850.89,361.21,1222.45,2655.73,Increasing
30-07-2024,Tuesday,Monsoon,Pune,Mixed,30.68791667,63.3,9.7,83.8,5.474583333,3073.51,803.73,295.81,1224.11,2514.78,Increasing
31-07-2024,Wednesday,Monsoon,Pune,Residential,29.36083333,56.2,6.6,17.1,5.39,3072.79,778.13,316.11,1217.75,2564.55,Increasing
01-08-2024,Thursday,Monsoon,Aurangabad,Residential,30.40291667,50.6,9.4,44.3,6.009583333,3128.77,871.2,313.56,1217.96,2666.19,Decreasing
02-08-2024,Friday,Monsoon,Nashik,Industrial,29.82208333,54.7,11.7,24.8,6.245,3124.95,894.99,312.67,1215.13,2670.39,Stable
03-08-2024,Saturday,Monsoon,Mumbai,Residential,28.96791667,66.4,6.5,64.6,5.637916667,2929.82,814.23,298.78,1215.87,2595.86,Decreasing
04-08-2024,Sunday,Monsoon,Mumbai,Industrial,29.16833333,40.2,6.2,66.4,6.795833333,3017.19,980.72,287.93,1213.63,2708.34,Decreasing
05-08-2024,Monday,Monsoon,Aurangabad,Industrial,29.2825,78,3.9,79.8,5.610416667,2887.91,783.68,292.03,1206.14,2492.57,Decreasing
06-08-2024,Tuesday,Monsoon,Nagpur,Industrial,28.77625,72.4,6.8,42.7,6.5225,2789.77,938.95,281.11,1211.75,2665.99,Decreasing
07-08-2024,Wednesday,Monsoon,Nashik,Mixed,31.60875,72.2,2.7,72,5.614166667,2654.94,805.51,271.82,1208.82,2536.14,Increasing
08-08-2024,Thursday,Monsoon,Nagpur,Residential,30.285,66.1,5.6,54,5.659166667,3250.74,830.09,320.25,1214.32,2592.23,Increasing
09-08-2024,Friday,Monsoon,Aurangabad,Mixed,29.63875,61.1,6.5,75,6.07125,3188.2,879.15,330.08,1203.66,2631.29,Increasing
10-08-2024,Saturday,Monsoon,Aurangabad,Mixed,28.72,63.8,5.2,16.8,6.10125,3028.17,881.99,313.12,1213.61,2673.51,Increasing
11-08-2024,Sunday,Monsoon,Aurangabad,Mixed,28.59125,56.3,11.1,47.1,6.329166667,2740.26,904.89,269.11,1225.46,2670.42,Stable
12-08-2024,Monday,Monsoon,Mumbai,Mixed,29.99958333,81.2,5.6,22,6.012083333,3098.9,865.77,325.65,1215.1,2664.18,Stable
13-08-2024,Tuesday,Monsoon,Mumbai,Mixed,29.74583333,58.6,12.6,73.2,5.82375,2951.75,856.18,301.91,1222.73,2638.04,Increasing
14-08-2024,Wednesday,Monsoon,Nagpur,Residential,32.42375,55.2,7.4,22.2,5.782083333,3328.49,819.9,320.21,1213.61,2507.06,Increasing
15-08-2024,Thursday,Monsoon,Pune,Residential,30.075,57.3,9.7,10.6,5.825,3198.01,848.19,322.83,1218.54,2610.35,Increasing
16-08-2024,Friday,Monsoon,Mumbai,Industrial,29.7275,52.8,5.3,84.4,6.06875,2971.36,880.5,293.75,1212.16,2674.05,Increasing
17-08-2024,Saturday,Monsoon,Nashik,Residential,30.52625,68.1,9.8,48.8,5.950833333,3243.04,842.74,342.91,1215.91,2628.27,Increasing
18-08-2024,Sunday,Monsoon,Nashik,Mixed,28.625,54.8,12.2,88.8,5.810416667,3880.38,833.48,398.53,1225.55,2737.95,Stable
19-08-2024,Monday,Monsoon,Nashik,Mixed,30.61083333,58.7,13.5,46.2,5.673333333,2799.1,817.1,288.61,1223.66,2563.42,Stable
20-08-2024,Tuesday,Monsoon,Aurangabad,Industrial,32.33625,73.4,6.3,57.3,6.607916667,3358.5,948.07,337.16,1215.65,2728,Increasing
21-08-2024,Wednesday,Monsoon,Nagpur,Residential,30.96125,70.7,5.8,69.5,6.0125,3042.41,880.04,298.27,1214.11,2639.74,Stable
22-08-2024,Thursday,Monsoon,Aurangabad,Residential,29.545,49.8,6.6,32.5,5.405416667,3098.7,782.97,306.95,1212.29,2527.26,Stable
23-08-2024,Friday,Monsoon,Nashik,Industrial,28.52083333,71.8,3.7,20.6,5.982083333,3132.79,843.79,330.03,1210.02,2629.25,Decreasing
24-08-2024,Saturday,Monsoon,Nashik,Mixed,28.67833333,45.8,7.4,62.9,6.209583333,2937.5,909.02,298.96,1215.26,2672.94,Increasing
25-08-2024,Sunday,Monsoon,Aurangabad,Mixed,30.47291667,45,17.5,50.9,6.000833333,3066.83,864.08,295.95,1223.07,2603.68,Increasing
26-08-2024,Monday,Monsoon,Nashik,Mixed,28.53166667,56.7,6.6,76.1,5.485416667,3521.34,807.43,332.3,1217.78,2571.65,Stable
27-08-2024,Tuesday,Monsoon,Nashik,Mixed,30.72375,62.9,3,13.6,6.62875,3159.03,946.7,313.05,1198.41,2670.9,Stable
28-08-2024,Wednesday,Monsoon,Nagpur,Mixed,29.83458333,57.8,8.6,53.6,6.084583333,3285.62,882.26,336.54,1211.8,2692.3,Stable
29-08-2024,Thursday,Monsoon,Nashik,Residential,29.21,64.4,8.7,24.9,6.284583333,2549.28,915.17,248.17,1214.78,2600.39,Stable
30-08-2024,Friday,Monsoon,Aurangabad,Industrial,30.07083333,56.2,8.9,59.4,5.964583333,3246.15,849.93,323.58,1216.48,2638.2,Increasing
31-08-2024,Saturday,Monsoon,Aurangabad,Industrial,30.41583333,39.4,5.2,70.8,6.244166667,3015.49,906.34,313.38,1217.79,2662.76,Stable
01-09-2024,Sunday,Post-Monsoon,Pune,Residential,29.3525,58.1,7.7,31,5.58,3052.83,794.3,310.49,1221.14,2571.81,Stable
02-09-2024,Monday,Post-Monsoon,Nashik,Residential,29.74625,44.8,15.1,48.5,6.33375,2974.82,915.34,292.23,1230.4,2663.59,Increasing
03-09-2024,Tuesday,Post-Monsoon,Pune,Residential,30.43791667,60,14.5,43.6,6.075416667,3068.57,895,306.9,1235.25,2702.37,Stable
04-09-2024,Wednesday,Post-Monsoon,Aurangabad,Mixed,29.60708333,47.5,9.9,70.4,5.5675,2402.2,828.39,252.23,1216.99,2533.02,Decreasing
05-09-2024,Thursday,Post-Monsoon,Pune,Industrial,29.49416667,65.2,10.8,58,6.96125,2677.45,1016.87,265.07,1223.37,2754.18,Increasing
06-09-2024,Friday,Post-Monsoon,Nashik,Residential,30.01125,73.5,5.2,19.7,5.43375,2949.55,771.41,285.49,1207.17,2517.91,Stable
07-09-2024,Saturday,Post-Monsoon,Mumbai,Residential,31.76416667,42.7,15.9,88.1,6.25,3527,901.38,362.1,1242.28,2793.12,Stable
08-09-2024,Sunday,Post-Monsoon,Nagpur,Industrial,30.54,39.6,15.9,83,5.6725,3348.45,821.33,320.56,1236.84,2623.84,Increasing
09-09-2024,Monday,Post-Monsoon,Nashik,Residential,30.225,57,7.9,56.3,6.460416667,3562.49,933.19,357.21,1208.34,2676.6,Stable
10-09-2024,Tuesday,Post-Monsoon,Pune,Mixed,27.00833333,71.3,11.8,72.2,5.412916667,2957.64,768.28,309.09,1223.23,2570.96,Decreasing
11-09-2024,Wednesday,Post-Monsoon,Pune,Residential,29.27791667,61.6,4.6,11.6,6.225833333,3280.51,886.15,345.89,1215.12,2686.04,Decreasing
12-09-2024,Thursday,Post-Monsoon,Pune,Residential,29.73458333,55.7,18,26.1,5.49,2842.88,804.41,274.8,1227.12,2594.59,Increasing
13-09-2024,Friday,Post-Monsoon,Aurangabad,Residential,29.00875,49.2,9.6,71.4,5.543333333,3148.48,813.68,310.29,1223.78,2630.36,Decreasing
14-09-2024,Saturday,Post-Monsoon,Nashik,Industrial,28.93708333,67.2,4.9,18.5,5.16,3225.45,744.12,329.86,1209.61,2558.58,Increasing
15-09-2024,Sunday,Post-Monsoon,Pune,Mixed,30.48,75.4,4,13.4,5.882916667,3587.42,857.46,349.27,1204.11,2648.29,Decreasing
16-09-2024,Monday,Post-Monsoon,Mumbai,Residential,30.22375,41.3,14.7,59.3,6.205833333,2628.8,866.91,262.89,1231.01,2601.09,Increasing
17-09-2024,Tuesday,Post-Monsoon,Nashik,Mixed,28.89916667,62.9,3.1,12.7,5.9375,3470.81,864.28,345.95,1199.63,2741.64,Stable
18-09-2024,Wednesday,Post-Monsoon,Aurangabad,Mixed,30.53875,85.4,10.8,24.6,6.367916667,3477.78,909.79,365.41,1222.24,2784.34,Stable
19-09-2024,Thursday,Post-Monsoon,Nashik,Mixed,28.86708333,53.9,4.1,16.4,6.239583333,3286.86,911.39,306.07,1208.25,2640.93,Increasing
20-09-2024,Friday,Post-Monsoon,Aurangabad,Mixed,31.32416667,58.1,8.4,52.7,5.702083333,2768.84,807.53,292.66,1215.61,2577.24,Decreasing
21-09-2024,Saturday,Post-Monsoon,Aurangabad,Mixed,27.96291667,59.7,13.2,64.2,6.055,3019.52,883.27,302.51,1222.24,2656.73,Increasing
22-09-2024,Sunday,Post-Monsoon,Nagpur,Industrial,32.22666667,55.9,3.9,24.7,6.020416667,2833.72,867.17,295.83,1214.4,2600.71,Stable
23-09-2024,Monday,Post-Monsoon,Nagpur,Industrial,28.89583333,71,11.2,47.5,6.270416667,3454.21,905.48,352.5,1221.47,2729.83,Increasing
24-09-2024,Tuesday,Post-Monsoon,Mumbai,Mixed,30.85083333,78,5.8,11.6,6.300833333,3284.39,900.88,338.52,1210.08,2653.2,Stable
25-09-2024,Wednesday,Post-Monsoon,Pune,Industrial,29.55208333,43,6.9,31.2,5.99625,3304.1,845.44,303.73,1206.5,2596.13,Increasing
26-09-2024,Thursday,Post-Monsoon,Nashik,Residential,28.3175,50.7,5,24.4,6.259166667,3355.24,905.75,344.45,1215.04,2712.36,Increasing
27-09-2024,Friday,Post-Monsoon,Pune,Industrial,29.87333333,72.5,10.9,23.3,5.22,3079.1,754.83,323.61,1225.11,2554.14,Decreasing
28-09-2024,Saturday,Post-Monsoon,Nashik,Industrial,31.12583333,66,7,28,6.463333333,2914.93,922.51,291.37,1214.01,2696.64,Stable
29-09-2024,Sunday,Post-Monsoon,Mumbai,Industrial,29.55958333,64.4,9.1,74.4,5.954166667,3056.51,861.51,290.99,1220.13,2593.66,Increasing
30-09-2024,Monday,Post-Monsoon,Mumbai,Industrial,31.44916667,67,3.5,86,5.47,3141.01,789.63,317.66,1209.98,2551.34,Increasing
01-10-2024,Tuesday,Post-Monsoon,Nashik,Residential,28.14625,61,8.2,66.5,6.0825,3241.34,864.41,323.47,1223.4,2658.82,Decreasing
02-10-2024,Wednesday,Post-Monsoon,Aurangabad,Residential,29.75375,64.8,8.7,15.8,5.648333333,3149.25,833.68,301.11,1220.46,2610.97,Increasing
03-10-2024,Thursday,Post-Monsoon,Nagpur,Industrial,28.32166667,56.7,5.6,60.3,6.635416667,2691.86,942.35,284.44,1202.47,2682.39,Increasing
04-10-2024,Friday,Post-Monsoon,Nashik,Industrial,29.82416667,57.7,5.8,68.7,5.642083333,3031.17,803.49,306.61,1219.42,2577.79,Increasing
05-10-2024,Saturday,Post-Monsoon,Aurangabad,Residential,30.9025,59,8.4,18.9,5.725,2777.62,827.07,278.93,1213.38,2649.6,Decreasing
06-10-2024,Sunday,Post-Monsoon,Nashik,Mixed,31.01291667,55.9,6.9,33.5,6.20625,2829.69,897.54,286.68,1219.85,2618.49,Decreasing
07-10-2024,Monday,Post-Monsoon,Nashik,Mixed,30.37791667,64.7,5.1,44.3,5.8375,3451.51,854.17,336.94,1207.08,2629.73,Decreasing
08-10-2024,Tuesday,Post-Monsoon,Nashik,Residential,28.4625,63,5.2,34.9,5.933333333,3019.92,850.01,289.83,1206.25,2583.11,Increasing
09-10-2024,Wednesday,Post-Monsoon,Nashik,Industrial,30.96541667,41.3,14.7,51.5,6.493333333,2885.49,922.88,298.51,1224.43,2691.09,Increasing
10-10-2024,Thursday,Post-Monsoon,Nashik,Industrial,27.925,58,6.6,20.5,5.17,3018.75,752.57,297.59,1207.9,2456.54,Increasing
11-10-2024,Friday,Post-Monsoon,Aurangabad,Residential,30.24666667,60.2,10.8,45.6,6.6075,3330.11,948.13,338.96,1222.41,2752.48,Decreasing
12-10-2024,Saturday,Post-Monsoon,Mumbai,Industrial,30.04083333,75.3,6.6,68.7,5.861666667,3787,837.73,368.68,1208.02,2693.63,Increasing
13-10-2024,Sunday,Post-Monsoon,Nagpur,Residential,30.46041667,57.1,14.3,46.9,5.799166667,2912.24,834.91,277.55,1230.88,2645.71,Increasing
14-10-2024,Monday,Post-Monsoon,Nagpur,Mixed,29.85208333,61,6.2,26.8,5.820416667,2861.43,828.29,285.34,1214.95,2579.03,Increasing
15-10-2024,Tuesday,Post-Monsoon,Aurangabad,Industrial,31.07125,59.2,12.9,74.2,5.46375,3388.82,770.97,353.44,1225.6,2529.06,Increasing
16-10-2024,Wednesday,Post-Monsoon,Aurangabad,Mixed,30.595,73.2,16.2,41.6,6.20875,2922.01,895.32,288.29,1232.32,2635.66,Stable
17-10-2024,Thursday,Post-Monsoon,Nashik,Industrial,30.27666667,48.1,15.3,44,6.144166667,3582.6,873.97,372.03,1234.59,2723.43,Decreasing
18-10-2024,Friday,Post-Monsoon,Mumbai,Residential,30.83291667,52.2,7.7,38.6,5.62875,3286.19,809.66,317.24,1217.49,2581.27,Increasing
19-10-2024,Saturday,Post-Monsoon,Mumbai,Industrial,32.23625,51.5,10.3,33.2,5.832916667,2863.96,844.52,290.43,1217.63,2520.92,Increasing
20-10-2024,Sunday,Post-Monsoon,Pune,Industrial,30.9475,60.1,8.2,58.2,6.1775,2130.41,881.98,207.7,1216.79,2529.56,Decreasing
21-10-2024,Monday,Post-Monsoon,Mumbai,Mixed,29.73583333,45.1,13.7,25,6.02375,2799.74,849.03,302.23,1224.58,2612.9,Increasing
22-10-2024,Tuesday,Post-Monsoon,Nashik,Mixed,30.38916667,74.7,4.3,71.5,5.639583333,3062.48,815.6,319.46,1203.68,2603.56,Increasing
23-10-2024,Wednesday,Post-Monsoon,Pune,Industrial,31.35083333,64.2,5.3,48.5,5.794166667,4250.63,820.76,409.68,1214.15,2681.88,Increasing
24-10-2024,Thursday,Post-Monsoon,Aurangabad,Mixed,29.51875,65.9,13.4,80.7,6.34625,3047.5,910.59,309.87,1225.02,2683.05,Stable
25-10-2024,Friday,Post-Monsoon,Nashik,Residential,29.83416667,81,14.2,85.1,6.315416667,3007.15,915.79,286.62,1233.18,2740.46,Stable
26-10-2024,Saturday,Post-Monsoon,Pune,Industrial,29.465,56.6,9,40.6,6.585416667,2914.55,961.97,283.5,1214.1,2741.09,Decreasing
27-10-2024,Sunday,Post-Monsoon,Nashik,Mixed,30.68166667,68.6,12.1,22.7,5.669583333,2864.12,806.42,304.49,1231.57,2578.2,Decreasing
28-10-2024,Monday,Post-Monsoon,Aurangabad,Mixed,30.57583333,65.8,4.5,50.4,6.29375,2914.86,909.35,288.59,1206.57,2642.37,Increasing
29-10-2024,Tuesday,Post-Monsoon,Pune,Industrial,29.05333333,75.4,7.6,31.6,5.5825,3127.55,780.08,318.99,1217.68,2537.21,Increasing
30-10-2024,Wednesday,Post-Monsoon,Nashik,Mixed,29.62208333,66.9,3.8,44.1,5.6625,2962.07,817.75,291.85,1209.65,2585.37,Increasing
31-10-2024,Thursday,Post-Monsoon,Nagpur,Residential,30.85083333,54.9,13,40.2,5.857916667,3275.32,846.92,325.74,1227.03,2633.6,Increasing
01-11-2024,Friday,Post-Monsoon,Aurangabad,Residential,30.18208333,64.2,12.2,46,5.697916667,3342.19,817.84,328.01,1226.53,2648.14,Stable
02-11-2024,Saturday,Post-Monsoon,Pune,Residential,30.50166667,53.5,3.9,49.9,6.39125,2385.86,927.89,247.17,1210.32,2617.61,Increasing
03-11-2024,Sunday,Post-Monsoon,Nagpur,Industrial,29.72708333,55.3,3.3,60.2,5.510833333,2645.81,790.49,271.06,1204.12,2533.46,Decreasing
04-11-2024,Monday,Post-Monsoon,Nagpur,Mixed,29.38125,59.9,5.5,10.3,5.795,3026.93,856.54,303.28,1215.01,2599.56,Decreasing
05-11-2024,Tuesday,Post-Monsoon,Pune,Residential,29.52333333,58.1,8.8,30.5,4.823333333,2842.31,695.4,295,1218.77,2411.77,Stable
06-11-2024,Wednesday,Post-Monsoon,Mumbai,Industrial,33.11791667,51.1,10.8,23.6,5.820416667,3189.89,829.45,321.77,1218.11,2651.77,Decreasing
07-11-2024,Thursday,Post-Monsoon,Mumbai,Industrial,33.5025,37.3,6.1,66.8,6.069583333,2894.98,861.26,291.06,1219.32,2632.14,Decreasing
08-11-2024,Friday,Post-Monsoon,Nashik,Mixed,29.57,63,13.7,76.6,6.26875,3265.52,898.62,322.28,1218.25,2728.32,Decreasing
09-11-2024,Saturday,Post-Monsoon,Pune,Mixed,30.2825,63.7,13.7,68.1,5.5225,3359.2,795.64,322.49,1232.98,2596.66,Stable
10-11-2024,Sunday,Post-Monsoon,Pune,Mixed,29.52333333,63.6,14.1,88,6.049166667,3175.13,870.68,319.23,1233.44,2626.23,Stable
11-11-2024,Monday,Post-Monsoon,Nagpur,Industrial,28.87083333,79.1,8.4,16.2,5.848333333,3016.14,835.08,303.25,1219.71,2603.85,Increasing
12-11-2024,Tuesday,Post-Monsoon,Nagpur,Mixed,28.82916667,44.6,10.1,47.2,6.114583333,2894.56,860.18,287.93,1226.54,2618.14,Decreasing
13-11-2024,Wednesday,Post-Monsoon,Nagpur,Residential,30.55958333,75.5,9.2,81.9,6.340416667,3315.55,907.05,330.98,1219.62,2701.09,Decreasing
14-11-2024,Thursday,Post-Monsoon,Aurangabad,Mixed,29.41333333,84.9,13.1,35.5,5.20875,2818.52,761.47,273.23,1221.71,2452.81,Decreasing
15-11-2024,Friday,Post-Monsoon,Mumbai,Mixed,31.03583333,77.6,7.3,74.2,6.435,3055.38,925.27,320.96,1211.5,2697.72,Increasing
16-11-2024,Saturday,Post-Monsoon,Nashik,Residential,29.15208333,56.5,14.4,54.9,6.50625,3393.09,918.5,327.18,1220.67,2709.14,Stable
17-11-2024,Sunday,Post-Monsoon,Nashik,Residential,30.8125,64.5,6.1,88.3,5.74875,3254.22,844.18,323.17,1216.27,2590.71,Increasing
18-11-2024,Monday,Post-Monsoon,Pune,Residential,31.03333333,52.3,6,39.7,5.7125,2763.46,816.22,265.73,1207.5,2546.61,Increasing
19-11-2024,Tuesday,Post-Monsoon,Nagpur,Residential,31.86166667,53.2,13.6,43.4,5.5,3568.29,771.07,347.43,1227.51,2537.28,Decreasing
20-11-2024,Wednesday,Post-Monsoon,Pune,Residential,30.1375,77.2,15.6,23.1,5.807083333,2767.77,846.79,276.96,1228.48,2578.79,Increasing
21-11-2024,Thursday,Post-Monsoon,Mumbai,Industrial,28.80958333,67,10.3,22.8,5.212916667,3201.16,738.78,343.68,1217.31,2501.46,Decreasing
22-11-2024,Friday,Post-Monsoon,Aurangabad,Residential,31.3175,67.6,9,78.9,6.135833333,3661.21,865.56,358.2,1224.75,2729.95,Stable
23-11-2024,Saturday,Post-Monsoon,Mumbai,Mixed,29.98083333,48.8,7.7,42.6,4.689583333,3302.75,669.43,338.71,1214.06,2473.94,Increasing
24-11-2024,Sunday,Post-Monsoon,Pune,Industrial,29.12625,45.3,16.1,59.6,6.025416667,2900.97,863.76,300.58,1231.94,2677.19,Decreasing
25-11-2024,Monday,Post-Monsoon,Nagpur,Mixed,31.25833333,70.5,2.9,70.2,5.504583333,3122.72,788.98,334.99,1200.28,2540.91,Increasing
26-11-2024,Tuesday,Post-Monsoon,Pune,Residential,29.95333333,64.2,16,45.1,6.12875,3781.24,878.28,384.99,1233.79,2703.5,Decreasing
27-11-2024,Wednesday,Post-Monsoon,Nagpur,Mixed,31.7325,57,7.4,86.3,5.534166667,2981.35,789.22,299.47,1226.31,2548.51,Increasing
28-11-2024,Thursday,Post-Monsoon,Nagpur,Mixed,28.89208333,77.4,7.8,85.1,6.695,3163.02,954.88,325.55,1213.57,2773.51,Decreasing
29-11-2024,Friday,Post-Monsoon,Pune,Industrial,30.23083333,65.9,4.5,64.4,5.786666667,3176.62,813.44,315.88,1213.91,2578.42,Decreasing
30-11-2024,Saturday,Post-Monsoon,Aurangabad,Mixed,29.99666667,51.5,6.7,89.6,6.234166667,3377.91,891.76,330.27,1208.9,2711.57,Decreasing
01-12-2024,Sunday,Winter,Pune,Industrial,30.48541667,40.6,7.8,10.2,5.6875,3476.91,818.94,346.03,1218.6,2634.68,Decreasing
02-12-2024,Monday,Winter,Mumbai,Mixed,31.28291667,66,12.3,10.7,6.005833333,3079.4,866.16,303.61,1221.55,2626.01,Stable
03-12-2024,Tuesday,Winter,Mumbai,Mixed,29.28416667,55.3,7.6,15.4,6.400416667,2358.2,908.78,245.25,1214.32,2579.69,Stable
04-12-2024,Wednesday,Winter,Nashik,Residential,28.4625,58.6,6,85.5,5.872083333,2782.94,849.94,267.84,1215.77,2593.53,Stable
05-12-2024,Thursday,Winter,Mumbai,Mixed,30.86458333,57.8,6.1,58.4,6.155,3417.82,897.63,329.97,1213.65,2653.63,Stable
06-12-2024,Friday,Winter,Mumbai,Industrial,29.86458333,74.3,6.1,84.2,5.251666667,3484.87,761.93,338.77,1212.44,2560.83,Decreasing
07-12-2024,Saturday,Winter,Pune,Residential,30.5675,68.4,8.6,20.2,5.211666667,3684.17,748.97,368.42,1217.23,2594.56,Stable
08-12-2024,Sunday,Winter,Pune,Residential,32.01916667,59,5.6,12.6,5.325416667,2955.46,770.69,301.43,1218.71,2542.75,Stable
09-12-2024,Monday,Winter,Aurangabad,Residential,27.98291667,58.8,3.8,53.5,6.486666667,3083.77,930.67,327.33,1205.92,2757.02,Increasing
10-12-2024,Tuesday,Winter,Mumbai,Residential,28.36541667,62.9,4.8,24,5.526666667,2541.69,797.19,269.42,1202.71,2507.79,Decreasing
11-12-2024,Wednesday,Winter,Aurangabad,Residential,31.64875,73.2,6.9,78.8,6.207083333,2958.91,898.43,313.19,1209.98,2656.72,Increasing
12-12-2024,Thursday,Winter,Aurangabad,Mixed,29.38166667,60.8,6.7,43.6,5.37375,2846.53,783.03,289.21,1217.72,2524.6,Stable
13-12-2024,Friday,Winter,Mumbai,Residential,30.4975,54.3,9.3,71.6,6.81,2729.8,956.13,283.08,1214.1,2675.3,Stable
14-12-2024,Saturday,Winter,Pune,Mixed,31.2225,48,3.2,51.3,5.509166667,2704.83,798.39,267.14,1214.87,2537.59,Stable
15-12-2024,Sunday,Winter,Nagpur,Mixed,29.59875,59.1,3.2,52.3,6.352916667,3728.28,920.29,367.72,1211.23,2763.22,Stable
16-12-2024,Monday,Winter,Nagpur,Mixed,29.8175,48,2.6,64.5,5.362083333,3245.26,767.17,308.72,1210.41,2510.52,Decreasing
17-12-2024,Tuesday,Winter,Nagpur,Industrial,29.88375,63.4,10.6,36.8,5.4225,2572.65,780.39,256.26,1217.12,2507.2,Decreasing
18-12-2024,Wednesday,Winter,Aurangabad,Mixed,31.11291667,64.5,4.9,85.9,6.06,3598.6,881.12,361.59,1208.1,2690.19,Stable
19-12-2024,Thursday,Winter,Nagpur,Mixed,27.62208333,71.9,11.3,42,6.222916667,3450.97,882.54,350.58,1224.5,2694.3,Decreasing
20-12-2024,Friday,Winter,Nashik,Residential,28.09625,57.9,7.1,41.8,6.23375,2713.95,910.54,276.02,1212.81,2630.35,Stable
21-12-2024,Saturday,Winter,Nashik,Mixed,30.72958333,70.3,9,66.6,6.264166667,3634.34,910.47,357.97,1218.99,2735.09,Stable
22-12-2024,Sunday,Winter,Aurangabad,Residential,29.16125,76.1,11.1,60.9,6.479583333,3594.41,927.02,368.29,1222.44,2778.04,Increasing
23-12-2024,Monday,Winter,Pune,Industrial,28.54208333,60.7,8.9,89.7,5.667916667,3040.57,813.81,304.76,1214.83,2590,Stable
24-12-2024,Tuesday,Winter,Mumbai,Mixed,28.83041667,82.4,8.4,78,6.573333333,3122.16,952.42,297.5,1215.87,2712.15,Increasing
25-12-2024,Wednesday,Winter,Aurangabad,Industrial,28.88125,74.4,10.6,32.8,5.799583333,3357.35,835.03,348.42,1222.65,2702.29,Increasing
26-12-2024,Thursday,Winter,Nagpur,Residential,30.41833333,55.2,5.6,18.1,5.212916667,2762.08,749.57,269.8,1220.09,2499.28,Decreasing
27-12-2024,Friday,Winter,Mumbai,Residential,30.12208333,89.4,11.3,18.5,5.232916667,3556.36,760.54,360.14,1217.13,2567.63,Increasing
28-12-2024,Saturday,Winter,Pune,Residential,29.1025,59.3,5.2,38.9,5.904583333,3764.87,845.76,374.34,1207.8,2671.86,Decreasing
29-12-2024,Sunday,Winter,Nagpur,Residential,29.88458333,74,20.1,48.2,6.31375,3191.32,912.49,313.8,1239.77,2696.42,Decreasing
30-12-2024,Monday,Winter,Nashik,Residential,30.38666667,66.3,13.6,61,4.819583333,3453.13,698.03,342.77,1227.59,2515.7,Stable
31-12-2024,Tuesday,Winter,Nashik,Industrial,30.9675,63,8.3,78.6,5.805,2863.77,842.31,282.4,1211.79,2559.53,Increasing
